"Status";"Family";"Product";"Version";"Number of License Keys";"Order number";"License type";"Validity";"License number"
"Unknown";"SIMATIC PCS 7";"Asset ES";"6.1";"1";"-";"Floating";"Unlimited";"00411000002020012010"
"Unknown";"SIMATIC PCS 7";"CFC (1000)";"6.1";"1";"-";"Floating";"Unlimited";"00411000002020012010"
"Unknown";"SIMATIC PCS 7";"CFC (2000)";"6.1";"1";"-";"Floating";"Unlimited";"00411000002020012010"
"Unknown";"SIMATIC PCS 7";"CFC (250)";"6.1";"1";"-";"Floating";"Unlimited";"00411000002020012010"
"Unknown";"SIMATIC PCS 7";"CFC (3000)";"6.1";"1";"-";"Floating";"Unlimited";"00411000002020012010"
"Unknown";"SIMATIC PCS 7";"CFC (500)";"6.1";"1";"-";"Floating";"Unlimited";"00411000002020012010"
"Unknown";"SIMATIC PCS 7";"CFC (5000)";"6.1";"1";"-";"Floating";"Unlimited";"00411000002020012010"
"Unknown";"SIMATIC PCS 7";"CFC (unlimited)";"6.1";"1";"-";"Floating";"Unlimited";"00411000002020012010"
"Unknown";"SIMATIC STEP 7";"CFC STEP 7 - Option";"6.1";"1";"-";"Floating";"Unlimited";"00411000002020012010"
"Unknown";"SIMATIC PCS 7";"IEA";"6.1";"1";"-";"Floating";"Unlimited";"00411000002020012010"
"Unknown";"SIMATIC PCS 7";"PID-Tuner";"6.1";"1";"-";"Floating";"Unlimited";"00411000002020012010"
"Unknown";"SIMATIC STEP 7";"S7-DOCPRO V5. 1";"5.1";"1";"-";"Floating";"Unlimited";"00411000002020012010"
"Unknown";"SIMATIC STEP 7";"S7-SCL V5.3";"5.3";"1";"-";"Floating";"Unlimited";"00411000002020012010"
"Unknown";"SIMATIC PCS 7";"SFC";"6.1";"1";"-";"Floating";"Unlimited";"00411000002020012010"
"Unknown";"SIMATIC STEP 7";"SFC for D7-SYS";"6.1";"1";"-";"Floating";"Unlimited";"00411000002020012010"
"Unknown";"SIMATIC PCS 7";"SFC-Visualization";"6.1";"1";"-";"Floating";"Unlimited";"00411000002020012010"
"Unknown";"SIMATIC STEP 7";"STEP 7 Professional Edition 2004";"5.3";"1";"-";"Floating";"Unlimited";"00411000002020012010"
"Unknown";"SIMATIC STEP 7";"STEP 7-BASIS V5.3";"5.3";"1";"-";"Floating";"Unlimited";"00411000002020012010"
"Unknown";"SIMATIC PCS 7";"TH-PO";"6.1";"1";"-";"Floating";"Unlimited";"00411000002020012010"
"Unknown";"SIMATIC STEP 7";"Version Cross Checker";"6.1";"1";"-";"Floating";"Unlimited";"00411000002020012010"
"Unknown";"SIMATIC HMI";"WinCC Advanced Process Ctrl";"6.0";"1";"-";"Floating";"Unlimited";"00411000002020012010"
"Unknown";"SIMATIC HMI";"WinCC Chipcard";"6.0";"1";"-";"Floating";"Unlimited";"00411000002020012010"
"Unknown";"SIMATIC HMI";"WinCC Profibus FMS";"6.0";"1";"-";"Floating";"Unlimited";"00411000002020012010"
"Unknown";"SIMATIC HMI";"WinCC RC (262144)";"6.0";"1";"-";"Floating";"Unlimited";"00411000002023002025"
"License key in use";"SIMATIC HMI";"WinCC RC (65536)";"6.0";"1";"-";"Floating";"Unlimited";"00411000002020012010"
"License key in use";"SIMATIC HMI";"WinCC Redundancy";"6.0";"1";"-";"Floating";"Unlimited";"00411000002020012010"
"Unknown";"SIMATIC HMI";"WinCC S5 Ethernet Layer4";"6.0";"1";"-";"Floating";"Unlimited";"00411000002020012010"
"Unknown";"SIMATIC HMI";"WinCC S5 Ethernet TF";"6.0";"1";"-";"Floating";"Unlimited";"00411000002020012010"
"Unknown";"SIMATIC HMI";"WinCC SIMATIC 505 TCP/IP";"6.0";"1";"-";"Floating";"Unlimited";"00411000002020012010"
"Unknown";"SIMATIC HMI";"WinCC Server";"6.0";"1";"-";"Floating";"Unlimited";"00411000002020012010"
"Unknown";"SIMATIC HMI";"WinCC TI Ethernet Layer4";"6.0";"1";"-";"Floating";"Unlimited";"00411000002020012010"
"Unknown";"SIMATIC HMI";"WinCC User Archives";"6.0";"1";"-";"Floating";"Unlimited";"00411000002020012010"
